{"text": " Hello? Hello? Can you hear me? Hello? Can you hear me? Hello?", "segments": [{"id": 0, "seek": 0, "start": 0.0, "end": 7.0, "text": " Hello? Hello? Can you hear me? Hello? Can you hear me? Hello?", "tokens": [50364, 2425, 30, 2425, 30, 1664, 291, 1568, 385, 30, 2425, 30, 1664, 291, 1568, 385, 30, 2425, 30, 50714], "temperature": 0.0, "avg_logprob": -0.32419529415312265, "compression_ratio": 1.7941176470588236, "no_speech_prob": 0.3386406898498535}], "language": "en"}